Sr.No.,RollNo,Name,Group,Gender
18,80322,Rani Balajisingh Parmar,E1,F
21,80339,Patil Jayashree Gajanan,E1,F
23,80346,Juturu Ravi Varshini,E1,F
37,80414,Devkar Poonam Dhanaji,E1,F
38,80416,Aditi Vivek Raut,E1,F
43,80436,Mamata Navin Angchekar,E1,F
46,80446,Mali Nikita Subhash,E1,F
49,80466,Patil Tejaswini Devidas,E1,F
51,80485,Chavan Mohinee Kalyanrao,E1,F
52,80501,Dipali Hemant Mulay,E1,F
53,80502,Manali Hanmant Patil,E1,F
58,80535,Mrunmayee Vivek Khatgaonkar,E1,F
59,80536,Shraddha Sahebrao Jadhav,E1,F
61,80540,Ayisha Khan,E1,F
69,80597,Rashmi,E1,F
73,80617,Gavali Poonam Dnyandeo,E1,F
75,80640,Patwardhan Mrunal Amod,E1,F
79,80656,Shreya Satish Panwal,E1,F
94,80766,Pratiksha R Patil,E1,F
104,80811,Kajal Sanjay Raskar,E2,F
11,80290,Avriti Chandrakar,E2,F
17,80318,Payal Hanuman Dukare,E2,F
20,80338,Shivade Mayuri Dattatray,E2,F
25,80354,Sonali Shiledar Shinde,E2,F
32,80390,Ayushi Pandey,E2,F
34,80399,Sarwade Snehal Vikram,E2,F
41,80427,Gaikwad Priyanka Kishor,E2,F
44,80443,Pooja Sambhaji Garade,E2,F
68,80591,Ruchita Sourabh Joshi,E2,F
77,80652,Naware Shivani Pradeep,E2,F
78,80655,Neha Natha Nichit,E2,F
80,80659,Sumedha Suman,E2,F
81,80666,Kandekar Rutuja Sanjay,E2,F
84,80699,Nishigandha Vijay Patil,E2,F
85,80718,Sunita Chanda,E2,F
90,80749,Aher Prerana Arun,E2,F
95,80772,Yadav Puja Shivaji,E2,F
100,80798,Jagtap Pruthviraj Satish,E1,M
101,80800,Hrugved Manish Manbhekar,E1,M
105,80814,Vedant Vijay Todase,E1,M
106,80817,Mhaske Shubham Sanjay,E1,M
107,80818,Aditya Anil Wani,E1,M
108,80820,Kokate Aditya Ravindra,E1,M
112,80840,Kamble Pritish Anand,E1,M
115,80907,More Vinod Bapurao,E1,M
13,80298,Samarth Srinivas,E1,M
15,80308,Abhijeet Pandurang Kadam,E1,M
16,80313,Thalkar Omkar Damaji,E1,M
19,80328,Ayush Chandrakant Patil,E1,M
28,80363,Saurabh Kushwaha,E1,M
30,80381,Satish Kumar,E1,M
36,80408,Ashish Bhardwaj,E1,M
3,80251,Prasad Baburao Bhangare,E1,M
39,80423,Parmar Yagnesh Ashokbhai,E1,M
42,80434,Chadha Gautam Singh Manjot Singh,E1,M
4,80255,Taware Pranav Sharad,E1,M
50,80482,Kuldeep Gangadhar Chopade,E1,M
55,80524,Ajay Bajpai,E1,M
56,80528,Malaganve Sanmati Sanjay,E1,M
5,80257,Aditya Babasaheb Satpute,E1,M
60,80537,Jadhav Bhushan Kiran,E1,M
62,80544,More Lokesh Dhanraj,E1,M
63,80545,Badgujar Sahil Sunil,E1,M
64,80552,Awate Ruturaj Jitendra,E1,M
65,80554,Purnanand Satish Lohare,E1,M
7,80263,Borsutkar Prajwal Sandip,E1,M
86,80730,Swapnil Sadashiv Chide,E1,M
87,80731,Himanshu Tushar Patil,E1,M
8,80277,Gujar Tejas Sharad,E1,M
88,80732,Parag Bhatu Patil,E1,M
89,80738,Pasalekar Vinayak Sanjay,E1,M
91,80750,Krushna Namdeo Mhaske,E1,M
93,80765,Somesh Shivaji Pagar,E1,M
99,80795,Aditya Shankar Kadam,E1,M
102,80802,Nikam Shubham Bajirao,E2,M
103,80807,Karpe Pavan Pandharinath,E2,M
10,80289,Ashmith,E2,M
109,80824,Pathan Altamash Akil Ahmad,E2,M
110,80836,Khonde Tushar Manohar,E2,M
111,80837,Lonkar Sanket Dadaso,E2,M
113,80853,Manish Kumar Patel,E2,M
114,80903,Ashish Singh,E2,M
116,12345,student1,E2,M
117,12346,student2,E2,M
118,12347,student3,E2,M
119,12348,student4,E2,M
120,12349,student5,E2,M
12,80296,Surule Swapnil Ashok,E2,M
14,80299,Mohd Sayeed Mohd Sharif,E2,M
1,80249,Adityaraj K,E2,M
22,80340,Ishan Arya,E2,M
24,80350,Aditya Bhattacharya,E2,M
26,80356,Tayade Vaibhav Bhausaheb,E2,M
27,80359,Abhishek Gupta,E2,M
2,80250,Surya Bhushan Prasad Manjhi,E2,M
29,80369,Sparsh Panwar,E2,M
31,80388,More Amit Appasaheb,E2,M
33,80398,Dukare Ajay Subhash,E2,M
35,80400,Kiran Sampat Sujgure,E2,M
40,80425,Chavan Harshad Shivaji,E2,M
45,80444,Om Kalyan Badgujar,E2,M
47,80460,Kalmegh Sameer Sanjay,E2,M
48,80463,Kishan Dixit,E2,M
54,80517,Premkumar Sanjay Thengil,E2,M
57,80534,Pimparkar Amar Bhagwat,E2,M
66,80574,Sourav Ghosh,E2,M
67,80586,Sankpal Vishnu Namdev,E2,M
6,80259,Sushmith M,E2,M
70,80610,Ram Namdev Bajgire,E2,M
71,80611,Chaudhary Chetan Padmakant,E2,M
72,80613,Yele Pravin Sevakram,E2,M
74,80637,Karwande Saurabh Narendra,E2,M
76,80651,Lawand Rohit Manohar,E2,M
82,80683,Kshitij Shailendra Ujaoney,E2,M
83,80685,Ronit Patil,E2,M
92,80761,Khamkar Prathamesh Ankush,E2,M
96,80788,Rajat Srivastava,E2,M
97,80789,Guttula Ravikiran Srinivas Vijaya Lakshmi,E2,M
9,80287,Snehal B Alone,E2,M
98,80793,Nikhil Kuwarlal Baghele,E2,M
